{"stats":{"minecraft:mined":{"minecraft:grass":1},"minecraft:custom":{"minecraft:jump":287,"minecraft:open_chest":1,"minecraft:time_since_rest":33978,"minecraft:crouch_one_cm":142,"minecraft:leave_game":1,"minecraft:play_time":33978,"minecraft:sprint_one_cm":40982,"minecraft:time_since_death":33978,"minecraft:walk_on_water_one_cm":6254,"minecraft:walk_one_cm":6773,"minecraft:sneak_time":363,"minecraft:total_world_time":33978,"minecraft:walk_under_water_one_cm":20020,"minecraft:swim_one_cm":1078,"minecraft:fall_one_cm":1463,"minecraft:fly_one_cm":867586},"minecraft:used":{"minecraft:oak_log":1}},"DataVersion":3465}